Ref,Val,Package,PosX,PosY,Rot,Side
"BAT_SENS_E1","Opened","SJ",6.250000,14.450000,-90.000000,bottom
"C1","22uF/6.3V/20%/X5R/C0603","C_0603_5MIL_DWS",0.450000,13.650000,0.000000,bottom
"C2","1nF/2000V/10%/X7R/C1206","C_1206_5MIL_DWS_ISO",9.450000,10.500000,180.000000,bottom
"C3","47uF/6.3V/20%/X5R/C0805","C_0805_5MIL_DWS",13.850000,59.550000,180.000000,bottom
"C7","22uF/6.3V/20%/X5R/C0603","C_0603_5MIL_DWS",7.132000,18.131000,180.000000,bottom
"C8","100nF/10V/20%/X5R/C04020","C_0402_5MIL_DWS",10.815000,19.909000,-90.000000,bottom
"C9","22uF/6.3V/20%/X5R/C0603","C_0603_5MIL_DWS",14.450000,26.150000,0.000000,bottom
"C10","22uF/6.3V/20%/X5R/C0603","C_0603_5MIL_DWS",14.625000,31.974000,180.000000,bottom
"C13","22uF/6.3V/20%/X5R/C0603","C_0603_5MIL_DWS",11.831000,18.150000,180.000000,bottom
"C14","100nF/10V/20%/X5R/C04020","C_0402_5MIL_DWS",20.848000,25.878000,90.000000,bottom
"C15","100nF/10V/20%/X5R/C04020","C_0402_5MIL_DWS",23.134000,17.496000,90.000000,bottom
"C16","100nF/10V/20%/X5R/C04020","C_0402_5MIL_DWS",12.974000,19.401000,180.000000,bottom
"C17","2.2uF/6.3V/10%/X5R/C0603","C_0603_5MIL_DWS",15.994575,24.665601,180.000000,bottom
"C18","100nF/10V/20%/X5R/C04020","C_0402_5MIL_DWS",16.149000,23.211000,180.000000,bottom
"C19","1nF/50V/10%/X7R/C0402","C_0402_5MIL_DWS",5.708000,12.332000,180.000000,bottom
"C20","1uF/10V/20%/X5R/C0603","C_0603_5MIL_DWS",3.449000,75.408000,180.000000,bottom
"C26","NA(220pF/100V/C0603)","C_0603_5MIL_DWS",23.261000,31.466000,0.000000,bottom
"C28","NA(100nF/10V/20%/X5R/C04020)","C_0402_5MIL_DWS",25.166000,61.311000,0.000000,bottom
"Class4_EN1","Closed","SJ",21.483000,58.517000,-90.000000,bottom
"D1","1N5822/SS34/SMA","SMA-KA",5.100000,41.499000,-90.000000,bottom
"D6","1N5819S4(SOD-123)","SOD-123_1C-2A_KA",5.608000,28.672000,180.000000,bottom
"D7","1N5819S4(SOD-123)","SOD-123_1C-2A_KA",5.608000,26.259000,0.000000,bottom
"D8","SMAJ58A/SMA","SMA-KA",26.650000,13.686000,-90.000000,bottom
"D13","LED","LED_0201_0603Metric",9.850000,1.995000,-90.000000,bottom
"EXT1","NS(HN1x10)","HN1x10",45.425000,64.725000,-90.000000,bottom
"EXT2","NS(HN1x10)","HN1x10",45.450000,35.824733,-90.000000,bottom
"F1","Polyfuse_Small","TS250",35.925523,13.672579,180.000000,bottom
"F2","Polyfuse_Small","TS250",35.900000,24.750000,180.000000,bottom
"FET3","WPM2015-3/TR","SOT23",14.199960,28.926000,90.000000,bottom
"FID2","Fiducial","Fiducial1x3",0.250000,80.195000,180.000000,bottom
"FID5","Fiducial","Fiducial1x3",45.400000,80.165000,180.000000,bottom
"FID6","Fiducial","Fiducial1x3",44.500000,17.400000,180.000000,bottom
"L1","FB0805/600R/2A","L_0805_5MIL_DWS",15.006000,20.671000,0.000000,bottom
"L5","FB0805/600R/2A","L_0805_5MIL_DWS",13.990000,57.150000,0.000000,bottom
"L7","FB0805/600R/2A","L_0805_5MIL_DWS",6.300000,7.450000,90.000000,bottom
"MICRO_SD1","TFC-9P-1.7H(ATFFS150A01BR016)","uSD(TFC-9P-1.xH(ATFFS150A01BR016))",13.990000,64.613000,0.000000,bottom
"Q2","BC817-40(SOT23)","SOT23",8.780460,44.333640,-90.000000,bottom
"Q3","BC817-40(SOT23)","SOT23",12.085000,41.499000,-90.000000,bottom
"R1","10k/R0402","R_0402_5MIL_DWS",-0.400000,48.150000,90.000000,bottom
"R2","10k/R0402","R_0402_5MIL_DWS",8.148000,47.468000,0.000000,bottom
"R3","1k/R0402","R_0402_5MIL_DWS",8.148000,48.357000,180.000000,bottom
"R6","10k/R0402","R_0402_5MIL_DWS",9.300000,-0.700000,-90.000000,bottom
"R7","9.1k/R2512","R_2512_MM_DWS",18.100000,7.000000,180.000000,bottom
"R9","100k/R0402","R_0402_5MIL_DWS",3.449000,74.138000,180.000000,bottom
"R16","NA(10k/R0402)","R_0402_5MIL_DWS",3.957000,31.720000,0.000000,bottom
"R17","470k/R0402","R_0402_5MIL_DWS",5.708000,10.300000,0.000000,bottom
"R18","10k/R0402","R_0402_5MIL_DWS",8.021000,24.481000,180.000000,bottom
"R19","10k/R0402","R_0402_5MIL_DWS",3.957000,30.577000,180.000000,bottom
"R20","1k/R0402","R_0402_5MIL_DWS",10.942000,43.404000,-90.000000,bottom
"R21","1k/R0402","R_0402_5MIL_DWS",8.910000,41.880000,0.000000,bottom
"R22","470k/R0402","R_0402_5MIL_DWS",5.708000,11.316000,180.000000,bottom
"R26","12.1k/1%/R0402","R_0402_5MIL_DWS",16.690000,18.950000,135.000000,bottom
"R28","0.03R/1%/R1206","R_1206_5MIL_DWS",20.975000,34.895000,90.000000,bottom
"R37","2.2K","R_0402_5MIL_DWS",28.460000,-0.800000,180.000000,bottom
"R40","10R/R0402","R_0402_5MIL_DWS",21.483000,62.962000,-90.000000,bottom
"R41","2.2k/R0402","R_0402_5MIL_DWS",21.737000,25.878000,-90.000000,bottom
"R42","9.1k/R2512","R_2512_MM_DWS",22.025000,42.950000,90.000000,bottom
"R43","NA(22R/R0603)","R_0603_5MIL_DWS",23.007000,33.752000,90.000000,bottom
"R45","NA(10R/R0402)","R_0402_5MIL_DWS",5.989000,68.169000,-90.000000,bottom
"R46","220R/R0402","R_0402_5MIL_DWS",2.433000,65.375000,90.000000,bottom
"R52","24.9k/1%/R0402","R_0402_5MIL_DWS",17.292000,56.231000,0.000000,bottom
"R53","1.27k/1%/62.5mW/R0402","R_0402_5MIL_DWS",21.356000,55.977000,0.000000,bottom
"R54","NA(66.5R/1%/125mW/R0805)","R_0805_5MIL_DWS",23.896000,58.644000,90.000000,bottom
"R55","4.7k/R0402","R_0402_5MIL_DWS",10.815000,22.703000,90.000000,bottom
"R56","2.2K","R_0402_5MIL_DWS",28.446996,0.199746,180.000000,bottom
"R57","2.2k/R0402","R_0402_5MIL_DWS",20.000000,1.500000,-90.000000,bottom
"R58","2.2k/R0402","R_0402_5MIL_DWS",15.350000,3.550000,90.000000,bottom
"R63","5.1K","R_0402_5MIL_DWS",28.490000,-1.750000,180.000000,bottom
"RM1","RA1206_(4X0603)_4B8_2.2k","R_MATRIX_4",17.800000,28.418000,90.000000,bottom
"RM2","RA1206_(4X0603)_4B8_2.2k","R_MATRIX_4",9.532917,58.664471,0.000000,bottom
"RM3","RA1206_(4X0603)_4B8_2.2k","R_MATRIX_4",18.217170,58.556395,0.000000,bottom
"T1","LMUN2211LT1G(SOT-23)","SOT23",5.347500,59.067560,90.000000,bottom
"TVS1","ESDS314DBVR(SOT-23-5)","SOT-23-5",16.276000,16.541000,180.000000,bottom
"TVS2","NA(GG0402052R542P)","D_0402_5MIL_DWS",21.737000,16.353000,180.000000,bottom
"TVS3","NA(GG0402052R542P)","D_0402_5MIL_DWS",19.832000,16.353000,0.000000,bottom
"U1","CH340X(MSOP-10)","MSOP-10_Pitch-0.5mm_3.00x3.00x1.00mm",6.751000,20.925000,90.000000,bottom
"U3","TP4054-42-SOT25-R(SOT23-5)","SOT-23-5",3.450000,0.150000,0.000000,bottom
"U4","LAN8710A-EZC(QFN32)","QFN32_EP(33)_5.00x5.00x0.90mm_Pitch_0.50mm",20.594000,21.306000,90.000000,bottom
"U8","NA(SN74LVC1G04DBVR(SOT23-5))","SOT-23-5",24.530999,63.978000,180.000000,bottom
"U9","TPS2378DDAR(HSOIC-8)","ESOIC-8",17.800000,51.913000,0.000000,bottom
